{"stats":{"minecraft:killed_by":{"minecraft:player":2},"minecraft:mined":{"minecraft:furnace":2,"minecraft:iron_ore":13,"minecraft:gold_block":2,"minecraft:crafting_table":4,"minecraft:grass":1,"minecraft:grass_block":6,"minecraft:oak_log":6,"minecraft:smooth_quartz":2,"minecraft:dirt":2,"minecraft:stone":15,"minecraft:oak_planks":1,"minecraft:white_wool":2,"minecraft:oak_leaves":3},"minecraft:dropped":{"minecraft:oak_sapling":2,"minecraft:cobblestone":1,"minecraft:stone_pickaxe":1,"minecraft:wooden_pickaxe":1,"minecraft:stick":1},"minecraft:crafted":{"minecraft:oak_planks":24,"minecraft:gold_nugget":162,"minecraft:iron_nugget":90,"minecraft:crafting_table":1,"minecraft:stick":8,"minecraft:iron_pickaxe":1,"minecraft:iron_ingot":12,"minecraft:wooden_pickaxe":1,"minecraft:stone_pickaxe":1,"minecraft:gold_ingot":32,"minecraft:furnace":1,"cobblemon:ultra_ball":7,"minecraft:stone_axe":1,"minecraft:air":0},"minecraft:picked_up":{"minecraft:raw_iron":22,"minecraft:stick":1,"minecraft:crafting_table":4,"minecraft:gold_block":2,"minecraft:oak_log":6,"minecraft:dirt":8,"minecraft:rotten_flesh":1,"minecraft:iron_ingot":1,"minecraft:stone_pickaxe":1,"minecraft:jungle_sapling":1,"minecraft:smooth_quartz":2,"minecraft:oak_sapling":2,"minecraft:mutton":2,"minecraft:oak_planks":10,"minecraft:white_wool":3,"minecraft:cobblestone":15,"minecraft:furnace":2},"minecraft:used":{"minecraft:stone_pickaxe":21,"minecraft:oak_planks":4,"minecraft:iron_pickaxe":7,"minecraft:wooden_pickaxe":14,"minecraft:smooth_quartz":1,"minecraft:white_wool":2,"minecraft:stone_axe":32,"minecraft:dirt":8,"minecraft:crafting_table":4,"minecraft:furnace":2},"minecraft:killed":{"minecraft:sheep":1,"minecraft:zombie":2},"minecraft:custom":{"minecraft:time_since_rest":562,"minecraft:interact_with_furnace":10,"minecraft:sprint_one_cm":47824,"minecraft:damage_taken":1019,"minecraft:walk_one_cm":38363,"minecraft:mob_kills":3,"minecraft:drop":5,"minecraft:damage_dealt":1225,"minecraft:traded_with_villager":7,"minecraft:talked_to_villager":6,"minecraft:interact_with_crafting_table":11,"minecraft:fly_one_cm":52194,"minecraft:player_kills":3,"minecraft:open_chest":1,"minecraft:crouch_one_cm":1223,"minecraft:play_time":24287,"minecraft:deaths":4,"minecraft:sneak_time":469,"minecraft:jump":478,"minecraft:leave_game":1,"minecraft:time_since_death":535,"minecraft:walk_on_water_one_cm":1244,"minecraft:climb_one_cm":8347,"minecraft:total_world_time":24287,"minecraft:fall_one_cm":16965}},"DataVersion":3465}