{"stats":{"minecraft:killed_by":{"minecraft:vindicator":1,"minecraft:player":2},"minecraft:mined":{"minecraft:crafting_table":4,"minecraft:torch":1,"minecraft:cave_vines_plant":2,"minecraft:grass_block":6,"minecraft:calcite":9,"minecraft:oak_planks":1,"minecraft:furnace":2,"minecraft:iron_ore":13,"minecraft:purple_stained_glass":2,"minecraft:gold_block":2,"minecraft:grass":1,"minecraft:oak_log":6,"minecraft:smooth_quartz":2,"minecraft:dirt":2,"minecraft:smooth_basalt":3,"minecraft:stone":15,"minecraft:white_wool":2,"minecraft:oak_leaves":3},"minecraft:dropped":{"minecraft:cobblestone":1,"minecraft:stick":1,"minecraft:oak_sapling":2,"minecraft:stone_pickaxe":1,"minecraft:wooden_pickaxe":1},"minecraft:crafted":{"minecraft:oak_planks":24,"minecraft:iron_nugget":90,"minecraft:crafting_table":1,"minecraft:wooden_pickaxe":1,"minecraft:furnace":1,"minecraft:stone_axe":1,"minecraft:air":0,"minecraft:gold_nugget":162,"minecraft:stick":8,"minecraft:iron_pickaxe":1,"minecraft:iron_ingot":12,"minecraft:stone_pickaxe":1,"minecraft:gold_ingot":32,"cobblemon:ultra_ball":7},"minecraft:picked_up":{"minecraft:crafting_table":4,"cobblemon:ultra_ball":5,"minecraft:gold_block":2,"minecraft:oak_log":6,"minecraft:dirt":8,"minecraft:iron_ingot":1,"minecraft:stone_pickaxe":1,"minecraft:calcite":9,"minecraft:jungle_sapling":1,"minecraft:smooth_quartz":2,"minecraft:oak_planks":10,"minecraft:furnace":2,"minecraft:stick":1,"minecraft:raw_iron":22,"minecraft:smooth_basalt":3,"cobblemon:dragon_scale":1,"minecraft:rotten_flesh":1,"minecraft:scute":1,"minecraft:oak_sapling":2,"minecraft:mutton":2,"minecraft:white_wool":3,"minecraft:cobblestone":15},"minecraft:used":{"minecraft:calcite":9,"minecraft:stone_pickaxe":21,"minecraft:oak_planks":4,"minecraft:wooden_pickaxe":14,"minecraft:white_wool":2,"minecraft:dirt":8,"minecraft:crafting_table":4,"minecraft:iron_pickaxe":19,"minecraft:smooth_quartz":1,"minecraft:smooth_basalt":3,"minecraft:stone_axe":37,"minecraft:furnace":2},"minecraft:killed":{"cobblemon:pokemon":1,"minecraft:sheep":1,"minecraft:zombie":2},"minecraft:custom":{"minecraft:interact_with_furnace":10,"minecraft:mob_kills":4,"minecraft:traded_with_villager":7,"minecraft:interact_with_crafting_table":11,"minecraft:leave_game":2,"minecraft:time_since_death":0,"minecraft:climb_one_cm":10129,"minecraft:time_since_rest":407,"minecraft:sprint_one_cm":62798,"minecraft:damage_taken":1459,"minecraft:walk_one_cm":56873,"minecraft:drop":5,"minecraft:damage_dealt":1392,"minecraft:swim_one_cm":3295,"minecraft:talked_to_villager":6,"minecraft:fly_one_cm":73447,"minecraft:player_kills":3,"minecraft:open_chest":1,"minecraft:crouch_one_cm":1223,"minecraft:play_time":31769,"minecraft:deaths":6,"minecraft:sneak_time":502,"minecraft:walk_under_water_one_cm":917,"minecraft:jump":684,"minecraft:walk_on_water_one_cm":2053,"minecraft:total_world_time":31769,"minecraft:fall_one_cm":23672}},"DataVersion":3465}