{"stats":{"minecraft:mined":{"minecraft:crafting_table":2,"minecraft:grass_block":3,"minecraft:oak_log":6,"minecraft:dirt":2,"minecraft:stone":7,"minecraft:oak_leaves":3},"minecraft:dropped":{"minecraft:oak_sapling":2,"minecraft:cobblestone":1,"minecraft:wooden_pickaxe":1,"minecraft:stick":1},"minecraft:crafted":{"minecraft:oak_planks":24,"minecraft:crafting_table":1,"minecraft:stick":8,"minecraft:wooden_pickaxe":1,"minecraft:stone_pickaxe":1,"minecraft:stone_axe":1},"minecraft:picked_up":{"minecraft:stick":1,"minecraft:crafting_table":2,"minecraft:oak_log":6,"minecraft:dirt":5,"minecraft:oak_sapling":2,"minecraft:mutton":2,"minecraft:white_wool":1,"minecraft:cobblestone":7},"minecraft:used":{"minecraft:wooden_pickaxe":14,"minecraft:stone_axe":1,"minecraft:dirt":3,"minecraft:crafting_table":2},"minecraft:killed":{"minecraft:sheep":1},"minecraft:custom":{"minecraft:time_since_rest":378,"minecraft:sprint_one_cm":22980,"minecraft:damage_taken":291,"minecraft:walk_one_cm":13425,"minecraft:mob_kills":1,"minecraft:drop":4,"minecraft:damage_dealt":269,"minecraft:interact_with_crafting_table":2,"minecraft:fly_one_cm":28441,"minecraft:player_kills":1,"minecraft:crouch_one_cm":365,"minecraft:play_time":14244,"minecraft:deaths":1,"minecraft:sneak_time":139,"minecraft:jump":240,"minecraft:time_since_death":346,"minecraft:walk_on_water_one_cm":1244,"minecraft:climb_one_cm":3047,"minecraft:total_world_time":14244,"minecraft:fall_one_cm":8416}},"DataVersion":3465}