{"stats":{"minecraft:dropped":{"minecraft:rotten_flesh":10,"minecraft:rooted_dirt":53,"minecraft:granite":4,"minecraft:coal":1,"minecraft:torch":3,"minecraft:bow":1,"minecraft:wooden_pickaxe":1},"minecraft:crafted":{"minecraft:crafting_table":1,"minecraft:spruce_planks":36,"minecraft:wooden_pickaxe":1,"minecraft:iron_sword":1,"minecraft:furnace":1,"minecraft:stone_axe":1,"minecraft:air":0,"minecraft:shield":1,"minecraft:stick":24,"minecraft:iron_ingot":7,"minecraft:iron_pickaxe":1,"minecraft:stone_pickaxe":1,"minecraft:torch":60},"minecraft:killed":{"cobblemon:pokemon":2,"minecraft:sheep":3,"minecraft:skeleton":4,"minecraft:zombie":3,"minecraft:warden":1},"minecraft:mined":{"minecraft:deepslate_diamond_ore":11,"minecraft:sculk_vein":1,"cobblemon:revival_herb":1,"minecraft:clay":3,"minecraft:crafting_table":2,"minecraft:torch":1,"minecraft:sculk_sensor":1,"minecraft:cobblestone":2,"minecraft:sculk":1,"minecraft:rooted_dirt":53,"minecraft:spawner":1,"minecraft:furnace":1,"minecraft:iron_ore":7,"minecraft:cobbled_deepslate":3,"minecraft:spruce_log":9,"minecraft:grass":1,"minecraft:sculk_shrieker":1,"minecraft:oak_log":3,"minecraft:coal_ore":27,"minecraft:cave_vines":1,"minecraft:deepslate_iron_ore":14,"minecraft:dripstone_block":1,"minecraft:stone":15,"minecraft:deepslate":15,"minecraft:fern":1},"minecraft:killed_by":{"cobblemon:pokemon":5,"minecraft:warden":5,"minecraft:creeper":1},"minecraft:custom":{"minecraft:interact_with_furnace":9,"minecraft:mob_kills":13,"minecraft:interact_with_crafting_table":7,"minecraft:time_since_death":0,"minecraft:climb_one_cm":342,"minecraft:time_since_rest":13,"minecraft:sprint_one_cm":47431,"minecraft:damage_taken":4193,"minecraft:walk_one_cm":128787,"minecraft:damage_blocked_by_shield":695,"minecraft:drop":9,"minecraft:damage_dealt":7620,"minecraft:fly_one_cm":76240,"minecraft:open_chest":2,"minecraft:crouch_one_cm":7787,"minecraft:play_time":41360,"minecraft:deaths":12,"minecraft:sneak_time":4193,"minecraft:walk_under_water_one_cm":184,"minecraft:jump":741,"minecraft:walk_on_water_one_cm":4133,"minecraft:total_world_time":41360,"minecraft:fall_one_cm":28407},"minecraft:used":{"minecraft:moss_block":2,"minecraft:stone_pickaxe":79,"minecraft:wooden_pickaxe":3,"minecraft:spruce_planks":7,"minecraft:shield":13,"minecraft:iron_sword":122,"minecraft:torch":19,"minecraft:glow_berries":17,"minecraft:crafting_table":2,"minecraft:dripstone_block":1,"minecraft:tuff":1,"minecraft:bread":2,"minecraft:iron_pickaxe":46,"minecraft:gravel":3,"minecraft:stone_axe":13,"minecraft:light_gray_wool":1,"minecraft:bow":1,"minecraft:cobblestone":4,"minecraft:furnace":1,"minecraft:bucket":1,"minecraft:cobbled_deepslate":12},"minecraft:picked_up":{"minecraft:crafting_table":2,"minecraft:clay_ball":4,"minecraft:tuff":1,"minecraft:oak_log":3,"cobblemon:revival_herb":4,"minecraft:bone":1,"minecraft:bow":2,"minecraft:cobbled_deepslate":16,"minecraft:light_gray_wool":1,"cobblemon:pep_up_flower":1,"minecraft:moss_block":2,"minecraft:sugar_cane":4,"minecraft:furnace":1,"minecraft:raw_iron":21,"minecraft:torch":2,"minecraft:dripstone_block":1,"minecraft:gravel":3,"minecraft:pointed_dripstone":5,"minecraft:spruce_log":9,"minecraft:arrow":4,"minecraft:rotten_flesh":10,"minecraft:diamond":11,"minecraft:tropical_fish":1,"minecraft:granite":4,"minecraft:rooted_dirt":53,"minecraft:glow_berries":14,"minecraft:mutton":4,"minecraft:coal":54,"minecraft:white_wool":2,"minecraft:cobblestone":20}},"DataVersion":3465}