{"stats":{"minecraft:killed_by":{"cobblemon:pokemon":1,"minecraft:player":2,"minecraft:enderman":1},"minecraft:mined":{"minecraft:furnace":1,"minecraft:iron_ore":59,"cobblemon:revival_herb":1,"minecraft:crafting_table":2,"minecraft:oak_log":10,"minecraft:coal_ore":5,"minecraft:deepslate_iron_ore":1,"minecraft:dirt":1,"minecraft:stone":40,"minecraft:moss_block":1,"minecraft:diorite":1,"minecraft:oak_leaves":2},"minecraft:dropped":{"minecraft:stone_axe":2,"minecraft:crafting_table":1,"minecraft:cobblestone":9,"minecraft:stone_pickaxe":2,"minecraft:wooden_pickaxe":7},"minecraft:crafted":{"minecraft:oak_planks":40,"minecraft:iron_boots":1,"minecraft:shield":1,"minecraft:iron_axe":1,"minecraft:crafting_table":1,"minecraft:stick":12,"minecraft:iron_pickaxe":1,"minecraft:iron_ingot":13,"minecraft:wooden_pickaxe":1,"minecraft:stone_pickaxe":1,"minecraft:iron_sword":1,"minecraft:furnace":1,"minecraft:stone_axe":1,"minecraft:air":0},"minecraft:picked_up":{"minecraft:raw_iron":90,"minecraft:stick":10,"minecraft:crafting_table":8,"minecraft:clay_ball":1,"minecraft:wooden_pickaxe":6,"minecraft:oak_log":10,"minecraft:diorite":1,"minecraft:carrot":2,"minecraft:dirt":1,"cobblemon:revival_herb":4,"minecraft:rotten_flesh":4,"minecraft:stone_axe":4,"minecraft:rabbit_hide":1,"minecraft:iron_ingot":8,"minecraft:granite":2,"minecraft:stone_pickaxe":4,"minecraft:rabbit":4,"cobblemon:pep_up_flower":1,"minecraft:moss_block":1,"minecraft:glow_berries":7,"minecraft:oak_planks":61,"minecraft:coal":22,"minecraft:cobblestone":53,"minecraft:furnace":1},"minecraft:used":{"minecraft:diorite":1,"minecraft:iron_axe":1,"minecraft:stone_pickaxe":73,"minecraft:iron_pickaxe":34,"minecraft:wooden_pickaxe":3,"minecraft:iron_boots":1,"minecraft:stone_axe":22,"minecraft:glow_berries":4,"minecraft:dirt":1,"minecraft:cobblestone":7,"minecraft:crafting_table":2,"minecraft:furnace":1,"minecraft:carrot":2},"minecraft:killed":{"minecraft:zombie":3,"cobblemon:pokemon":3},"minecraft:custom":{"minecraft:time_since_rest":7023,"minecraft:interact_with_furnace":9,"minecraft:sprint_one_cm":30815,"minecraft:damage_taken":1646,"minecraft:walk_one_cm":99884,"minecraft:mob_kills":6,"minecraft:drop":21,"minecraft:damage_dealt":1646,"minecraft:interact_with_crafting_table":9,"minecraft:fly_one_cm":47433,"minecraft:player_kills":2,"minecraft:crouch_one_cm":559,"minecraft:play_time":29319,"minecraft:deaths":5,"minecraft:sneak_time":140,"minecraft:jump":448,"minecraft:walk_on_water_one_cm":1961,"minecraft:time_since_death":6993,"minecraft:climb_one_cm":44,"minecraft:total_world_time":29319,"minecraft:fall_one_cm":14674}},"DataVersion":3465}