{"stats":{"minecraft:dropped":{"minecraft:rotten_flesh":10,"minecraft:rooted_dirt":53,"minecraft:granite":4,"minecraft:coal":1,"minecraft:torch":3,"minecraft:bow":1,"minecraft:wooden_pickaxe":1},"minecraft:crafted":{"minecraft:crafting_table":1,"minecraft:spruce_planks":36,"minecraft:wooden_pickaxe":1,"minecraft:iron_sword":1,"minecraft:furnace":1,"minecraft:stone_axe":1,"minecraft:air":0,"minecraft:shield":1,"minecraft:stick":24,"minecraft:iron_ingot":7,"minecraft:iron_pickaxe":1,"minecraft:stone_pickaxe":1,"minecraft:torch":60},"minecraft:killed":{"cobblemon:pokemon":2,"minecraft:sheep":3,"minecraft:skeleton":4,"minecraft:zombie":5,"minecraft:warden":1},"minecraft:killed_by":{"cobblemon:pokemon":5,"minecraft:warden":6,"minecraft:creeper":2,"minecraft:witch":2,"minecraft:zombie":1},"minecraft:mined":{"minecraft:tuff":2,"minecraft:deepslate_diamond_ore":16,"minecraft:sculk_vein":1,"cobblemon:revival_herb":1,"minecraft:clay":3,"minecraft:crafting_table":2,"minecraft:torch":1,"minecraft:sculk_sensor":1,"minecraft:cobblestone":2,"minecraft:sculk":1,"minecraft:rooted_dirt":53,"minecraft:spawner":1,"minecraft:furnace":1,"minecraft:iron_ore":7,"minecraft:cobbled_deepslate":3,"minecraft:spruce_log":9,"minecraft:grass":1,"minecraft:sculk_shrieker":2,"minecraft:oak_log":3,"minecraft:coal_ore":27,"minecraft:cave_vines":1,"minecraft:deepslate_iron_ore":14,"minecraft:dripstone_block":4,"minecraft:stone":15,"minecraft:deepslate":18,"minecraft:fern":1},"minecraft:custom":{"minecraft:interact_with_furnace":9,"minecraft:mob_kills":17,"minecraft:interact_with_crafting_table":7,"minecraft:time_since_death":1527,"minecraft:climb_one_cm":342,"minecraft:time_since_rest":1568,"minecraft:sprint_one_cm":85265,"minecraft:damage_taken":5733,"minecraft:walk_one_cm":164598,"minecraft:damage_blocked_by_shield":935,"minecraft:drop":9,"minecraft:damage_dealt":8481,"minecraft:fly_one_cm":142807,"minecraft:open_chest":2,"minecraft:crouch_one_cm":8264,"minecraft:play_time":53360,"minecraft:deaths":17,"minecraft:sneak_time":4764,"minecraft:walk_under_water_one_cm":875,"minecraft:jump":1116,"minecraft:walk_on_water_one_cm":6014,"minecraft:total_world_time":53360,"minecraft:fall_one_cm":40216},"minecraft:used":{"minecraft:moss_block":2,"minecraft:water_bucket":5,"minecraft:stone_pickaxe":79,"minecraft:wooden_pickaxe":3,"minecraft:spruce_planks":9,"minecraft:shield":22,"minecraft:iron_sword":135,"minecraft:torch":19,"minecraft:glow_berries":17,"minecraft:crafting_table":2,"minecraft:dripstone_block":1,"minecraft:tuff":5,"minecraft:bread":2,"minecraft:iron_pickaxe":60,"minecraft:gravel":3,"minecraft:stone_axe":13,"minecraft:light_gray_wool":1,"minecraft:bow":4,"minecraft:cobblestone":4,"minecraft:furnace":1,"minecraft:bucket":6,"minecraft:cobbled_deepslate":14},"minecraft:picked_up":{"minecraft:crafting_table":2,"minecraft:clay_ball":4,"minecraft:tuff":5,"minecraft:oak_log":3,"cobblemon:revival_herb":4,"minecraft:bone":1,"minecraft:bow":2,"minecraft:cobbled_deepslate":19,"minecraft:light_gray_wool":1,"cobblemon:pep_up_flower":1,"minecraft:moss_block":2,"minecraft:sugar_cane":4,"minecraft:phantom_membrane":1,"minecraft:furnace":1,"minecraft:raw_iron":21,"minecraft:torch":2,"minecraft:dripstone_block":1,"minecraft:gravel":3,"minecraft:pointed_dripstone":5,"minecraft:spruce_log":9,"minecraft:redstone":1,"minecraft:arrow":4,"minecraft:rotten_flesh":13,"minecraft:diamond":16,"minecraft:tropical_fish":1,"minecraft:granite":4,"minecraft:rooted_dirt":53,"minecraft:glow_berries":14,"minecraft:mutton":4,"minecraft:coal":54,"minecraft:white_wool":2,"minecraft:cobblestone":20}},"DataVersion":3465}