{"stats":{"minecraft:killed_by":{"cobblemon:pokemon":2,"minecraft:player":2,"minecraft:enderman":1},"minecraft:mined":{"cobblemon:revival_herb":1,"minecraft:jungle_leaves":2,"minecraft:crafting_table":2,"minecraft:tall_grass":2,"minecraft:moss_block":1,"minecraft:diorite":1,"minecraft:hay_block":43,"minecraft:furnace":1,"minecraft:iron_ore":59,"minecraft:wheat":1,"minecraft:andesite":1,"minecraft:coal_ore":14,"minecraft:oak_log":10,"minecraft:deepslate_iron_ore":1,"minecraft:dirt":1,"minecraft:terracotta":1,"minecraft:stone":40,"minecraft:oak_leaves":2},"minecraft:dropped":{"minecraft:stone_axe":2,"minecraft:crafting_table":1,"minecraft:cobblestone":9,"minecraft:wooden_pickaxe":7,"minecraft:stone_pickaxe":2},"minecraft:crafted":{"minecraft:oak_planks":40,"minecraft:crafting_table":1,"minecraft:wooden_pickaxe":1,"minecraft:iron_sword":1,"minecraft:furnace":1,"minecraft:stone_axe":1,"minecraft:air":0,"minecraft:iron_boots":1,"minecraft:shield":1,"minecraft:iron_axe":1,"minecraft:stick":12,"minecraft:iron_ingot":13,"minecraft:iron_pickaxe":1,"minecraft:stone_pickaxe":1},"minecraft:picked_up":{"minecraft:crafting_table":8,"minecraft:feather":1,"minecraft:chicken":1,"minecraft:clay_ball":1,"minecraft:andesite":1,"minecraft:wooden_pickaxe":6,"minecraft:oak_log":10,"minecraft:string":1,"minecraft:dirt":1,"cobblemon:revival_herb":4,"minecraft:wheat_seeds":9,"minecraft:rabbit_hide":1,"minecraft:iron_ingot":8,"minecraft:stone_pickaxe":4,"minecraft:rabbit":4,"cobblemon:pep_up_flower":1,"minecraft:moss_block":1,"minecraft:oak_planks":61,"minecraft:furnace":1,"minecraft:stick":10,"minecraft:raw_iron":90,"minecraft:diorite":1,"minecraft:carrot":2,"minecraft:rotten_flesh":4,"minecraft:stone_axe":4,"minecraft:hay_block":37,"minecraft:granite":2,"minecraft:terracotta":1,"minecraft:melon_seeds":2,"minecraft:glow_berries":7,"minecraft:coal":31,"minecraft:cobblestone":53},"minecraft:used":{"minecraft:diorite":1,"minecraft:stone_pickaxe":73,"minecraft:shield":2,"minecraft:wooden_pickaxe":3,"minecraft:iron_sword":4,"minecraft:glow_berries":4,"minecraft:dirt":1,"minecraft:crafting_table":2,"minecraft:carrot":2,"minecraft:iron_hoe":48,"minecraft:iron_axe":2,"minecraft:bread":6,"minecraft:iron_pickaxe":45,"minecraft:iron_boots":1,"minecraft:stone_axe":22,"minecraft:cobblestone":25,"minecraft:furnace":1,"minecraft:andesite":1},"minecraft:killed":{"cobblemon:pokemon":5,"minecraft:zombie":3},"minecraft:custom":{"minecraft:interact_with_furnace":9,"minecraft:mob_kills":8,"minecraft:interact_with_crafting_table":9,"minecraft:time_since_death":478,"minecraft:climb_one_cm":1590,"minecraft:time_since_rest":512,"minecraft:sprint_one_cm":74841,"minecraft:damage_taken":2551,"minecraft:walk_one_cm":131382,"minecraft:damage_blocked_by_shield":76,"minecraft:drop":21,"minecraft:damage_dealt":2001,"minecraft:talked_to_villager":2,"minecraft:player_kills":2,"minecraft:fly_one_cm":144714,"minecraft:open_chest":3,"minecraft:crouch_one_cm":600,"minecraft:play_time":41319,"minecraft:deaths":7,"minecraft:sneak_time":182,"minecraft:jump":966,"minecraft:walk_on_water_one_cm":3259,"minecraft:total_world_time":41319,"minecraft:fall_one_cm":39635}},"DataVersion":3465}