{"stats":{"minecraft:dropped":{"minecraft:lilac":1,"minecraft:cobbled_deepslate":3,"minecraft:rotten_flesh":10,"minecraft:rooted_dirt":53,"minecraft:granite":4,"minecraft:coal":1,"minecraft:torch":3,"minecraft:wither_rose":3,"minecraft:bow":1,"minecraft:wooden_pickaxe":1},"minecraft:crafted":{"minecraft:crafting_table":1,"minecraft:spruce_planks":36,"minecraft:wooden_pickaxe":1,"minecraft:iron_sword":1,"minecraft:furnace":1,"minecraft:stone_axe":1,"minecraft:air":0,"minecraft:shield":1,"minecraft:stick":24,"minecraft:iron_ingot":7,"minecraft:iron_pickaxe":1,"minecraft:stone_pickaxe":1,"minecraft:torch":60},"minecraft:killed":{"cobblemon:pokemon":2,"minecraft:sheep":4,"minecraft:skeleton":4,"minecraft:zombie":6,"minecraft:warden":1},"minecraft:killed_by":{"cobblemon:pokemon":7,"minecraft:player":2,"minecraft:warden":6,"minecraft:creeper":2,"minecraft:spider":2,"minecraft:witch":2,"minecraft:zombie":2},"minecraft:mined":{"minecraft:tuff":2,"minecraft:deepslate_diamond_ore":16,"minecraft:sculk_vein":1,"cobblemon:revival_herb":1,"minecraft:clay":3,"minecraft:crafting_table":2,"minecraft:torch":1,"minecraft:sculk_sensor":1,"minecraft:cobblestone":2,"minecraft:spruce_leaves":4,"minecraft:sculk":1,"minecraft:rooted_dirt":53,"minecraft:pink_petals":1,"minecraft:spawner":1,"minecraft:large_fern":1,"minecraft:furnace":1,"minecraft:sweet_berry_bush":17,"minecraft:iron_ore":7,"minecraft:cobbled_deepslate":3,"minecraft:lilac":1,"minecraft:spruce_log":9,"minecraft:pointed_dripstone":1,"minecraft:grass":4,"minecraft:sculk_shrieker":2,"minecraft:oak_log":3,"minecraft:coal_ore":40,"minecraft:cave_vines":1,"minecraft:deepslate_iron_ore":14,"minecraft:gravel":1,"minecraft:dripstone_block":4,"minecraft:stone":15,"minecraft:player_head":1,"minecraft:deepslate":18,"minecraft:fern":2},"minecraft:custom":{"minecraft:interact_with_furnace":9,"minecraft:mob_kills":19,"minecraft:interact_with_crafting_table":7,"minecraft:time_since_death":2414,"minecraft:climb_one_cm":1002,"minecraft:time_since_rest":2453,"minecraft:sprint_one_cm":207677,"minecraft:damage_taken":7637,"minecraft:walk_one_cm":238710,"minecraft:damage_blocked_by_shield":1512,"minecraft:drop":12,"minecraft:damage_dealt":9352,"minecraft:player_kills":2,"minecraft:talked_to_villager":1,"minecraft:fly_one_cm":294480,"minecraft:open_chest":8,"minecraft:crouch_one_cm":8264,"minecraft:play_time":83360,"minecraft:deaths":25,"minecraft:sneak_time":4764,"minecraft:walk_under_water_one_cm":4031,"minecraft:jump":1942,"minecraft:walk_on_water_one_cm":9154,"minecraft:total_world_time":83360,"minecraft:fall_one_cm":68954},"minecraft:used":{"minecraft:moss_block":2,"minecraft:water_bucket":7,"minecraft:stone_pickaxe":79,"minecraft:wooden_pickaxe":3,"minecraft:spruce_planks":10,"minecraft:shield":33,"minecraft:iron_sword":160,"minecraft:torch":21,"minecraft:glow_berries":17,"minecraft:crafting_table":2,"minecraft:dripstone_block":1,"minecraft:tuff":5,"minecraft:bread":2,"minecraft:iron_pickaxe":75,"minecraft:gravel":3,"minecraft:stone_axe":13,"minecraft:light_gray_wool":1,"minecraft:bow":4,"minecraft:cobblestone":4,"minecraft:sweet_berries":11,"minecraft:furnace":1,"minecraft:bucket":8,"minecraft:cobbled_deepslate":14,"minecraft:pointed_dripstone":11},"minecraft:picked_up":{"minecraft:crafting_table":2,"minecraft:lilac":1,"minecraft:clay_ball":4,"minecraft:tuff":5,"minecraft:oak_log":3,"minecraft:string":2,"cobblemon:occa_berry":3,"cobblemon:revival_herb":4,"minecraft:bone":1,"minecraft:bow":2,"minecraft:cobbled_deepslate":21,"cobblemon:petaya_berry":3,"minecraft:player_head":1,"minecraft:light_gray_wool":1,"cobblemon:pep_up_flower":1,"minecraft:moss_block":2,"minecraft:sugar_cane":4,"minecraft:phantom_membrane":1,"minecraft:furnace":1,"cobblemon:chilan_berry":5,"minecraft:raw_iron":21,"cobblemon:kasib_berry":5,"minecraft:sweet_berries":35,"minecraft:torch":2,"minecraft:dripstone_block":8,"minecraft:gravel":3,"minecraft:spruce_sapling":1,"minecraft:pointed_dripstone":11,"minecraft:spruce_log":9,"minecraft:redstone":1,"minecraft:arrow":4,"minecraft:rotten_flesh":15,"minecraft:diamond":16,"minecraft:tropical_fish":1,"minecraft:granite":4,"minecraft:rooted_dirt":53,"cobblemon:salac_berry":3,"minecraft:glow_berries":14,"minecraft:mutton":5,"minecraft:coal":67,"minecraft:white_wool":3,"minecraft:cobblestone":20}},"DataVersion":3465}