{"stats":{"minecraft:killed_by":{"cobblemon:pokemon":2,"minecraft:player":2,"minecraft:skeleton":1,"minecraft:enderman":1},"minecraft:mined":{"minecraft:red_bed":1,"cobblemon:revival_herb":1,"minecraft:jungle_leaves":2,"minecraft:crafting_table":2,"minecraft:tall_grass":2,"minecraft:moss_block":1,"minecraft:diorite":1,"minecraft:hay_block":43,"minecraft:furnace":1,"minecraft:iron_ore":59,"minecraft:wheat":1,"minecraft:andesite":1,"minecraft:coal_ore":14,"minecraft:oak_log":10,"minecraft:deepslate_iron_ore":1,"minecraft:dirt":1,"minecraft:terracotta":1,"minecraft:stone":40,"minecraft:oak_leaves":2},"minecraft:dropped":{"minecraft:stone_axe":2,"minecraft:goat_horn":2,"minecraft:crafting_table":1,"minecraft:cobblestone":9,"minecraft:wooden_pickaxe":7,"minecraft:stone_pickaxe":2,"minecraft:cactus":2},"minecraft:crafted":{"minecraft:oak_planks":40,"minecraft:crafting_table":1,"minecraft:wooden_pickaxe":1,"minecraft:iron_sword":1,"minecraft:furnace":1,"minecraft:stone_axe":1,"minecraft:air":0,"minecraft:iron_boots":1,"minecraft:shield":1,"minecraft:iron_axe":1,"minecraft:stick":12,"minecraft:iron_ingot":13,"minecraft:iron_pickaxe":1,"minecraft:stone_pickaxe":1},"minecraft:picked_up":{"minecraft:crafting_table":8,"minecraft:feather":1,"minecraft:chicken":1,"minecraft:clay_ball":1,"minecraft:andesite":1,"minecraft:wooden_pickaxe":6,"cobblemon:bluk_berry":7,"minecraft:oak_log":10,"minecraft:string":1,"minecraft:dirt":1,"minecraft:red_bed":1,"minecraft:moss_carpet":5,"cobblemon:revival_herb":4,"minecraft:wheat_seeds":9,"minecraft:gold_nugget":1,"minecraft:rabbit_hide":1,"minecraft:iron_ingot":8,"minecraft:stone_pickaxe":4,"minecraft:rabbit":4,"cobblemon:pep_up_flower":1,"minecraft:moss_block":1,"minecraft:oak_planks":61,"minecraft:furnace":1,"minecraft:stick":10,"minecraft:raw_iron":90,"minecraft:diorite":1,"minecraft:carrot":2,"cobblemon:aspear_berry":9,"minecraft:cactus":2,"minecraft:rotten_flesh":4,"minecraft:stone_axe":4,"minecraft:hay_block":37,"minecraft:granite":2,"minecraft:terracotta":1,"minecraft:melon_seeds":2,"minecraft:glow_berries":7,"minecraft:coal":31,"minecraft:cobblestone":53},"minecraft:used":{"minecraft:diorite":1,"minecraft:stone_pickaxe":73,"minecraft:shield":10,"minecraft:wooden_pickaxe":3,"minecraft:iron_sword":15,"minecraft:glow_berries":4,"minecraft:dirt":1,"minecraft:crafting_table":2,"minecraft:carrot":11,"minecraft:crossbow":2,"minecraft:iron_hoe":48,"minecraft:iron_axe":3,"minecraft:bread":9,"minecraft:iron_pickaxe":45,"minecraft:iron_boots":1,"minecraft:stone_axe":22,"minecraft:cobblestone":25,"minecraft:goat_horn":2,"minecraft:furnace":1,"minecraft:andesite":1,"minecraft:experience_bottle":4},"minecraft:killed":{"cobblemon:pokemon":6,"minecraft:pillager":1,"minecraft:zombie":3},"minecraft:custom":{"minecraft:interact_with_furnace":9,"minecraft:mob_kills":10,"minecraft:interact_with_crafting_table":9,"minecraft:open_barrel":3,"minecraft:time_since_death":782,"minecraft:sleep_in_bed":1,"minecraft:climb_one_cm":2119,"minecraft:time_since_rest":821,"minecraft:sprint_one_cm":121783,"minecraft:damage_taken":2999,"minecraft:walk_one_cm":165960,"minecraft:damage_blocked_by_shield":376,"minecraft:trigger_trapped_chest":1,"minecraft:drop":25,"minecraft:damage_dealt":2790,"minecraft:swim_one_cm":5412,"minecraft:talked_to_villager":2,"minecraft:player_kills":2,"minecraft:fly_one_cm":240547,"minecraft:open_chest":10,"minecraft:crouch_one_cm":603,"minecraft:play_time":53319,"minecraft:deaths":8,"minecraft:sneak_time":195,"minecraft:walk_under_water_one_cm":404,"minecraft:jump":1388,"minecraft:walk_on_water_one_cm":7282,"minecraft:total_world_time":53319,"minecraft:fall_one_cm":56362}},"DataVersion":3465}