{"stats":{"minecraft:dropped":{"minecraft:rotten_flesh":10,"minecraft:rooted_dirt":53,"minecraft:granite":4,"minecraft:wooden_pickaxe":1},"minecraft:crafted":{"minecraft:crafting_table":1,"minecraft:spruce_planks":36,"minecraft:wooden_pickaxe":1,"minecraft:iron_sword":1,"minecraft:furnace":1,"minecraft:stone_axe":1,"minecraft:air":0,"minecraft:shield":1,"minecraft:stick":12,"minecraft:iron_ingot":7,"minecraft:iron_pickaxe":1,"minecraft:stone_pickaxe":1,"minecraft:torch":4},"minecraft:killed":{"cobblemon:pokemon":1,"minecraft:sheep":3,"minecraft:skeleton":3,"minecraft:zombie":3},"minecraft:mined":{"minecraft:deepslate_diamond_ore":8,"minecraft:sculk_vein":1,"cobblemon:revival_herb":1,"minecraft:clay":3,"minecraft:crafting_table":2,"minecraft:cobblestone":2,"minecraft:rooted_dirt":53,"minecraft:spawner":1,"minecraft:furnace":1,"minecraft:iron_ore":7,"minecraft:cobbled_deepslate":3,"minecraft:spruce_log":9,"minecraft:grass":1,"minecraft:oak_log":3,"minecraft:coal_ore":27,"minecraft:deepslate_iron_ore":11,"minecraft:dripstone_block":1,"minecraft:stone":15,"minecraft:deepslate":15,"minecraft:fern":1},"minecraft:killed_by":{"cobblemon:pokemon":1,"minecraft:creeper":1},"minecraft:custom":{"minecraft:interact_with_furnace":9,"minecraft:mob_kills":10,"minecraft:interact_with_crafting_table":7,"minecraft:time_since_death":1081,"minecraft:climb_one_cm":342,"minecraft:time_since_rest":1164,"minecraft:sprint_one_cm":33160,"minecraft:damage_taken":1354,"minecraft:walk_one_cm":87613,"minecraft:damage_blocked_by_shield":327,"minecraft:drop":4,"minecraft:damage_dealt":1940,"minecraft:fly_one_cm":54281,"minecraft:open_chest":2,"minecraft:crouch_one_cm":1386,"minecraft:play_time":29360,"minecraft:deaths":3,"minecraft:sneak_time":621,"minecraft:walk_under_water_one_cm":184,"minecraft:jump":520,"minecraft:walk_on_water_one_cm":3982,"minecraft:total_world_time":29360,"minecraft:fall_one_cm":19941},"minecraft:used":{"minecraft:moss_block":2,"minecraft:stone_pickaxe":79,"minecraft:wooden_pickaxe":3,"minecraft:spruce_planks":1,"minecraft:shield":7,"minecraft:iron_sword":24,"minecraft:torch":4,"minecraft:glow_berries":16,"minecraft:crafting_table":2,"minecraft:dripstone_block":1,"minecraft:tuff":1,"minecraft:iron_pickaxe":39,"minecraft:gravel":3,"minecraft:stone_axe":13,"minecraft:light_gray_wool":1,"minecraft:cobblestone":4,"minecraft:furnace":1,"minecraft:cobbled_deepslate":12},"minecraft:picked_up":{"minecraft:crafting_table":2,"minecraft:clay_ball":4,"minecraft:tuff":1,"minecraft:oak_log":3,"cobblemon:revival_herb":4,"minecraft:cobbled_deepslate":16,"minecraft:light_gray_wool":1,"cobblemon:pep_up_flower":1,"minecraft:moss_block":2,"minecraft:sugar_cane":4,"minecraft:furnace":1,"minecraft:raw_iron":18,"minecraft:dripstone_block":1,"minecraft:gravel":3,"minecraft:pointed_dripstone":5,"minecraft:spruce_log":9,"minecraft:arrow":3,"minecraft:rotten_flesh":10,"minecraft:diamond":8,"minecraft:tropical_fish":1,"minecraft:granite":4,"minecraft:rooted_dirt":53,"minecraft:glow_berries":14,"minecraft:mutton":4,"minecraft:coal":53,"minecraft:white_wool":2,"minecraft:cobblestone":20}},"DataVersion":3465}