{"stats":{"minecraft:dropped":{"minecraft:wooden_pickaxe":1},"minecraft:crafted":{"minecraft:stone_axe":1,"minecraft:crafting_table":1,"minecraft:spruce_planks":36,"minecraft:stick":8,"minecraft:wooden_pickaxe":1,"minecraft:stone_pickaxe":1},"minecraft:mined":{"minecraft:coal_ore":17,"minecraft:spruce_log":9,"minecraft:stone":8,"minecraft:crafting_table":1},"minecraft:used":{"minecraft:stone_axe":1,"minecraft:crafting_table":1,"minecraft:stone_pickaxe":22,"minecraft:wooden_pickaxe":3},"minecraft:custom":{"minecraft:time_since_rest":5360,"minecraft:play_time":5360,"minecraft:sprint_one_cm":2385,"minecraft:damage_taken":50,"minecraft:walk_one_cm":11546,"minecraft:drop":1,"minecraft:jump":16,"minecraft:time_since_death":5360,"minecraft:total_world_time":5360,"minecraft:interact_with_crafting_table":3,"minecraft:fall_one_cm":1290,"minecraft:fly_one_cm":2680},"minecraft:picked_up":{"minecraft:crafting_table":1,"minecraft:spruce_log":9,"minecraft:sugar_cane":4,"minecraft:coal":17,"minecraft:cobblestone":8}},"DataVersion":3465}