{"stats":{"minecraft:killed_by":{"minecraft:player":2,"minecraft:enderman":1},"minecraft:mined":{"minecraft:iron_ore":20,"minecraft:crafting_table":1,"minecraft:oak_log":10,"minecraft:coal_ore":5,"minecraft:dirt":1,"minecraft:stone":9,"minecraft:oak_leaves":2},"minecraft:dropped":{"minecraft:cobblestone":9,"minecraft:wooden_pickaxe":7},"minecraft:crafted":{"minecraft:oak_planks":40,"minecraft:crafting_table":1,"minecraft:stick":8,"minecraft:wooden_pickaxe":1,"minecraft:stone_pickaxe":1,"minecraft:stone_axe":1},"minecraft:picked_up":{"minecraft:raw_iron":20,"minecraft:stick":10,"minecraft:crafting_table":7,"minecraft:wooden_pickaxe":6,"minecraft:oak_log":10,"minecraft:carrot":2,"minecraft:dirt":1,"minecraft:rotten_flesh":4,"minecraft:stone_axe":3,"minecraft:rabbit_hide":1,"minecraft:granite":2,"minecraft:stone_pickaxe":3,"minecraft:rabbit":4,"minecraft:oak_planks":61,"minecraft:coal":20,"minecraft:cobblestone":22},"minecraft:used":{"minecraft:stone_pickaxe":32,"minecraft:wooden_pickaxe":3,"minecraft:stone_axe":10,"minecraft:dirt":1,"minecraft:crafting_table":1,"minecraft:carrot":2},"minecraft:killed":{"cobblemon:pokemon":1},"minecraft:custom":{"minecraft:time_since_rest":2647,"minecraft:sprint_one_cm":3371,"minecraft:damage_taken":1062,"minecraft:walk_one_cm":55568,"minecraft:mob_kills":1,"minecraft:drop":16,"minecraft:damage_dealt":756,"minecraft:interact_with_crafting_table":3,"minecraft:fly_one_cm":5449,"minecraft:player_kills":2,"minecraft:crouch_one_cm":202,"minecraft:play_time":17319,"minecraft:deaths":3,"minecraft:sneak_time":47,"minecraft:jump":158,"minecraft:time_since_death":2611,"minecraft:total_world_time":17319,"minecraft:fall_one_cm":7034}},"DataVersion":3465}