{"stats":{"minecraft:dropped":{"minecraft:rotten_flesh":10,"minecraft:rooted_dirt":53,"minecraft:granite":4,"minecraft:wooden_pickaxe":1},"minecraft:crafted":{"minecraft:shield":1,"minecraft:crafting_table":1,"minecraft:spruce_planks":36,"minecraft:stick":12,"minecraft:iron_ingot":7,"minecraft:wooden_pickaxe":1,"minecraft:iron_pickaxe":1,"minecraft:stone_pickaxe":1,"minecraft:iron_sword":1,"minecraft:furnace":1,"minecraft:torch":4,"minecraft:stone_axe":1,"minecraft:air":0},"minecraft:killed":{"minecraft:skeleton":1,"minecraft:sheep":3,"minecraft:zombie":1},"minecraft:mined":{"minecraft:furnace":1,"minecraft:deepslate_diamond_ore":2,"minecraft:spruce_log":9,"minecraft:clay":3,"minecraft:crafting_table":2,"minecraft:grass":1,"minecraft:coal_ore":27,"minecraft:oak_log":3,"minecraft:deepslate_iron_ore":7,"minecraft:stone":15,"minecraft:rooted_dirt":53,"minecraft:deepslate":6,"minecraft:fern":1},"minecraft:used":{"minecraft:stone_pickaxe":79,"minecraft:iron_pickaxe":4,"minecraft:wooden_pickaxe":3,"minecraft:iron_sword":4,"minecraft:torch":2,"minecraft:stone_axe":13,"minecraft:light_gray_wool":1,"minecraft:cobblestone":1,"minecraft:crafting_table":2,"minecraft:furnace":1},"minecraft:custom":{"minecraft:time_since_rest":6972,"minecraft:interact_with_furnace":9,"minecraft:sprint_one_cm":18516,"minecraft:damage_taken":530,"minecraft:walk_one_cm":32545,"minecraft:mob_kills":5,"minecraft:drop":4,"minecraft:damage_dealt":712,"minecraft:interact_with_crafting_table":7,"minecraft:fly_one_cm":31041,"minecraft:crouch_one_cm":119,"minecraft:play_time":17360,"minecraft:deaths":1,"minecraft:sneak_time":92,"minecraft:walk_under_water_one_cm":184,"minecraft:jump":224,"minecraft:walk_on_water_one_cm":1587,"minecraft:time_since_death":6938,"minecraft:climb_one_cm":342,"minecraft:total_world_time":17360,"minecraft:fall_one_cm":8375},"minecraft:picked_up":{"minecraft:crafting_table":2,"minecraft:raw_iron":7,"minecraft:clay_ball":4,"minecraft:tuff":1,"minecraft:oak_log":3,"minecraft:spruce_log":9,"minecraft:arrow":1,"minecraft:rotten_flesh":10,"minecraft:diamond":2,"minecraft:cobbled_deepslate":4,"minecraft:granite":4,"minecraft:light_gray_wool":1,"minecraft:rooted_dirt":53,"minecraft:moss_block":2,"minecraft:glow_berries":14,"minecraft:sugar_cane":4,"minecraft:mutton":4,"minecraft:coal":53,"minecraft:white_wool":2,"minecraft:cobblestone":18,"minecraft:furnace":1}},"DataVersion":3465}