{"stats":{"minecraft:dropped":{"minecraft:moss_block":2,"minecraft:tuff":1,"minecraft:cobblestone":3,"minecraft:rotten_flesh":8,"minecraft:rooted_dirt":53,"minecraft:granite":4,"cobblemon:revival_herb":4,"cobblemon:pep_up_flower":1,"minecraft:wooden_pickaxe":1},"minecraft:crafted":{"minecraft:crafting_table":1,"minecraft:spruce_planks":108,"minecraft:wooden_pickaxe":1,"minecraft:iron_sword":1,"minecraft:furnace":1,"minecraft:stone_axe":1,"minecraft:air":0,"minecraft:stick":12,"minecraft:iron_ingot":8,"minecraft:iron_pickaxe":1,"minecraft:stone_pickaxe":1,"minecraft:torch":8},"minecraft:killed":{"minecraft:pig":3,"minecraft:zombie":6},"minecraft:mined":{"minecraft:tuff":1,"minecraft:spruce_planks":1,"cobblemon:revival_herb":1,"minecraft:crafting_table":3,"minecraft:torch":1,"minecraft:granite":4,"minecraft:tall_grass":1,"minecraft:spruce_leaves":7,"minecraft:moss_block":2,"minecraft:spawner":1,"minecraft:iron_ore":1,"minecraft:sweet_berry_bush":15,"minecraft:spruce_log":32,"minecraft:andesite":3,"minecraft:grass":3,"minecraft:coal_ore":24,"minecraft:cave_vines":1,"minecraft:deepslate_iron_ore":14,"minecraft:dirt":1,"minecraft:stone":15,"minecraft:deepslate":15,"minecraft:fern":1},"minecraft:used":{"minecraft:stone_pickaxe":73,"minecraft:spruce_planks":25,"minecraft:wooden_pickaxe":8,"minecraft:torch":4,"minecraft:dirt":1,"minecraft:crafting_table":3,"minecraft:snowball":1,"minecraft:spruce_log":5,"minecraft:stone_axe":53,"minecraft:cobblestone":1,"minecraft:sweet_berries":22,"minecraft:furnace":1,"minecraft:andesite":3},"minecraft:custom":{"minecraft:interact_with_furnace":6,"minecraft:mob_kills":9,"minecraft:interact_with_crafting_table":6,"minecraft:time_since_death":17918,"minecraft:time_since_rest":17918,"minecraft:sprint_one_cm":33150,"minecraft:damage_taken":140,"minecraft:walk_one_cm":21431,"minecraft:drop":9,"minecraft:damage_dealt":1610,"minecraft:fly_one_cm":63756,"minecraft:open_chest":2,"minecraft:crouch_one_cm":2237,"minecraft:play_time":17918,"minecraft:sneak_time":1289,"minecraft:walk_under_water_one_cm":99,"minecraft:jump":320,"minecraft:walk_on_water_one_cm":707,"minecraft:total_world_time":17918,"minecraft:fall_one_cm":8071},"minecraft:picked_up":{"minecraft:crafting_table":3,"minecraft:andesite":3,"minecraft:tuff":1,"minecraft:dirt":1,"cobblemon:revival_herb":4,"cobblemon:white_apricorn":1,"minecraft:cobbled_deepslate":15,"minecraft:spruce_planks":1,"cobblemon:pep_up_flower":1,"minecraft:moss_block":2,"minecraft:raw_iron":15,"minecraft:sweet_berries":38,"minecraft:torch":3,"minecraft:porkchop":5,"cobblemon:pink_apricorn":2,"minecraft:spruce_log":32,"minecraft:rotten_flesh":8,"minecraft:granite":4,"minecraft:rooted_dirt":53,"minecraft:snowball":1,"minecraft:coal":24,"minecraft:cobblestone":15}},"DataVersion":3465}