{"stats":{"minecraft:dropped":{"minecraft:moss_carpet":1,"minecraft:moss_block":2,"minecraft:wheat_seeds":1,"minecraft:tuff":1,"minecraft:wheat":6,"minecraft:cobblestone":3,"minecraft:rotten_flesh":34,"minecraft:rooted_dirt":53,"sophisticatedbackpacks:backpack":1,"minecraft:granite":4,"cobblemon:razor_fang":1,"minecraft:beetroot_seeds":9,"cobblemon:revival_herb":4,"cobblemon:pep_up_flower":1,"minecraft:spider_eye":5,"minecraft:bow":1,"minecraft:wooden_pickaxe":1,"minecraft:string":2,"minecraft:white_wool":3},"minecraft:crafted":{"minecraft:crafting_table":1,"minecraft:spruce_planks":108,"minecraft:iron_helmet":1,"minecraft:wooden_pickaxe":1,"minecraft:iron_sword":1,"minecraft:furnace":2,"minecraft:bucket":1,"minecraft:stone_axe":1,"minecraft:air":0,"minecraft:iron_boots":1,"minecraft:iron_chestplate":1,"minecraft:shield":1,"minecraft:stick":12,"minecraft:iron_ingot":69,"minecraft:iron_pickaxe":1,"minecraft:stone_pickaxe":1,"minecraft:iron_leggings":1,"minecraft:torch":8},"minecraft:killed":{"minecraft:wolf":4,"minecraft:cave_spider":1,"minecraft:pig":3,"cobblemon:pokemon":5,"minecraft:spider":3,"minecraft:sheep":3,"minecraft:skeleton":9,"minecraft:zombie":18,"minecraft:cow":3},"minecraft:killed_by":{"cobblemon:pokemon":2,"minecraft:player":2,"minecraft:wolf":1,"minecraft:skeleton":3,"minecraft:spider":1,"minecraft:zombie":1},"minecraft:mined":{"minecraft:tuff":1,"minecraft:spruce_planks":1,"minecraft:deepslate_diamond_ore":12,"minecraft:smoker":2,"minecraft:sculk_vein":1,"cobblemon:revival_herb":1,"minecraft:crafting_table":7,"minecraft:torch":1,"minecraft:granite":4,"minecraft:decorated_pot":1,"minecraft:grass_block":1,"minecraft:tall_grass":1,"minecraft:grindstone":1,"minecraft:spruce_leaves":7,"minecraft:deepslate_gold_ore":6,"cobblemon:dripstone_moon_stone_ore":1,"minecraft:moss_block":2,"minecraft:sculk":1,"minecraft:blue_bed":1,"minecraft:wall_torch":1,"minecraft:spawner":1,"minecraft:hay_block":20,"minecraft:furnace":3,"minecraft:cobbled_deepslate":2,"minecraft:iron_ore":6,"minecraft:sweet_berry_bush":15,"minecraft:spruce_log":32,"minecraft:andesite":3,"minecraft:grass":7,"minecraft:coal_ore":24,"minecraft:cave_vines":1,"minecraft:deepslate_iron_ore":78,"minecraft:gravel":1,"minecraft:dirt":1,"minecraft:stone":15,"minecraft:oak_leaves":2,"minecraft:deepslate":27,"minecraft:fern":1},"minecraft:used":{"minecraft:water_bucket":7,"minecraft:stone_pickaxe":73,"minecraft:shield":5,"minecraft:spruce_planks":58,"minecraft:wooden_pickaxe":8,"minecraft:iron_sword":145,"minecraft:blue_bed":1,"minecraft:iron_chestplate":1,"minecraft:torch":6,"minecraft:golden_apple":1,"minecraft:dirt":2,"minecraft:crafting_table":7,"minecraft:tuff":2,"minecraft:snowball":1,"minecraft:spruce_log":5,"minecraft:bread":10,"minecraft:iron_pickaxe":109,"minecraft:iron_helmet":1,"minecraft:iron_boots":1,"minecraft:stone_axe":63,"minecraft:bow":1,"minecraft:cobblestone":1,"minecraft:sweet_berries":51,"minecraft:furnace":3,"minecraft:bucket":8,"minecraft:andesite":3,"minecraft:cobbled_deepslate":20,"minecraft:iron_leggings":1},"minecraft:custom":{"minecraft:interact_with_furnace":48,"minecraft:mob_kills":52,"minecraft:interact_with_crafting_table":14,"minecraft:sleep_in_bed":2,"minecraft:time_since_death":1886,"minecraft:climb_one_cm":685,"minecraft:time_since_rest":0,"minecraft:sprint_one_cm":264279,"minecraft:damage_absorbed":40,"minecraft:damage_taken":4182,"minecraft:walk_one_cm":135750,"minecraft:damage_blocked_by_shield":105,"minecraft:drop":51,"minecraft:damage_dealt":9025,"minecraft:swim_one_cm":835,"minecraft:player_kills":2,"minecraft:fly_one_cm":391656,"minecraft:open_chest":14,"minecraft:crouch_one_cm":7763,"minecraft:play_time":83918,"minecraft:deaths":13,"minecraft:sneak_time":3134,"minecraft:walk_under_water_one_cm":4843,"minecraft:jump":1970,"minecraft:walk_on_water_one_cm":7077,"minecraft:total_world_time":83918,"minecraft:fall_one_cm":65597},"minecraft:picked_up":{"minecraft:crafting_table":7,"minecraft:wheat":4,"minecraft:andesite":3,"minecraft:brown_wool":1,"minecraft:smoker":2,"minecraft:tuff":3,"minecraft:blue_bed":1,"minecraft:string":7,"minecraft:dirt":2,"minecraft:moss_carpet":1,"cobblemon:revival_herb":4,"cobblemon:white_apricorn":2,"minecraft:bone":9,"minecraft:bow":1,"minecraft:wheat_seeds":1,"minecraft:cobbled_deepslate":31,"minecraft:raw_gold":6,"minecraft:spruce_planks":1,"minecraft:grindstone":1,"cobblemon:thunder_stone":1,"cobblemon:moon_stone":1,"cobblemon:pep_up_flower":1,"minecraft:moss_block":2,"minecraft:furnace":3,"minecraft:raw_iron":84,"minecraft:sweet_berries":38,"sophisticatedbackpacks:backpack":2,"minecraft:torch":4,"cobblemon:dusk_ball":7,"minecraft:porkchop":5,"cobblemon:pink_apricorn":2,"minecraft:spruce_log":32,"minecraft:spider_eye":5,"cobblemon:razor_fang":1,"minecraft:arrow":16,"minecraft:rotten_flesh":39,"minecraft:diamond":12,"minecraft:beetroot_seeds":6,"minecraft:hay_block":19,"minecraft:granite":4,"minecraft:rooted_dirt":53,"minecraft:mutton":6,"minecraft:snowball":1,"minecraft:coal":60,"minecraft:white_wool":3,"minecraft:cobblestone":15}},"DataVersion":3465}