{"stats":{"minecraft:killed_by":{"minecraft:player":3,"minecraft:skeleton":1},"minecraft:mined":{"minecraft:iron_ore":2,"minecraft:birch_leaves":3,"minecraft:mangrove_leaves":1,"minecraft:crafting_table":2,"minecraft:granite":2,"minecraft:grass":1,"minecraft:coal_ore":21,"minecraft:grass_block":1,"minecraft:oak_log":10,"minecraft:cobblestone":2,"minecraft:lapis_ore":5,"minecraft:stone":48,"minecraft:oak_leaves":11},"minecraft:dropped":{"minecraft:rabbit_hide":1,"minecraft:feather":2,"minecraft:oak_planks":26,"minecraft:stone_pickaxe":1,"minecraft:wooden_pickaxe":4,"minecraft:stick":3},"minecraft:crafted":{"minecraft:oak_planks":40,"minecraft:crafting_table":1,"minecraft:stick":12,"minecraft:wooden_pickaxe":1,"minecraft:stone_pickaxe":1,"minecraft:stone_axe":1},"minecraft:picked_up":{"minecraft:raw_iron":2,"minecraft:stick":2,"minecraft:crafting_table":2,"minecraft:feather":2,"minecraft:chicken":1,"minecraft:wooden_pickaxe":3,"minecraft:oak_log":10,"minecraft:lapis_lazuli":36,"minecraft:dirt":1,"minecraft:bone":2,"minecraft:arrow":1,"minecraft:stone_axe":2,"minecraft:rabbit_hide":2,"minecraft:granite":2,"minecraft:stone_pickaxe":4,"minecraft:oak_sapling":1,"minecraft:oak_planks":100,"minecraft:coal":21,"minecraft:cobblestone":70},"minecraft:used":{"minecraft:chicken":1,"minecraft:stone_pickaxe":67,"minecraft:oak_planks":4,"minecraft:wooden_pickaxe":14,"minecraft:stone_axe":14,"minecraft:dirt":1,"minecraft:cobblestone":2,"minecraft:crafting_table":2,"minecraft:oak_sapling":1,"minecraft:cooked_porkchop":2,"minecraft:granite":2},"minecraft:killed":{"minecraft:skeleton":1,"minecraft:chicken":1,"minecraft:enderman":1},"minecraft:custom":{"minecraft:time_since_rest":1687,"minecraft:sprint_one_cm":44834,"minecraft:damage_taken":1513,"minecraft:walk_one_cm":36349,"minecraft:mob_kills":5,"minecraft:drop":23,"minecraft:damage_dealt":880,"minecraft:player_kills":2,"minecraft:interact_with_crafting_table":3,"minecraft:fly_one_cm":111579,"minecraft:crouch_one_cm":2823,"minecraft:play_time":29441,"minecraft:deaths":5,"minecraft:sneak_time":995,"minecraft:jump":376,"minecraft:leave_game":1,"minecraft:time_since_death":1660,"minecraft:total_world_time":29441,"minecraft:climb_one_cm":1054,"minecraft:fall_one_cm":24454}},"DataVersion":3465}