{"stats":{"minecraft:mined":{"minecraft:birch_leaves":3,"minecraft:oak_leaves":10,"minecraft:mangrove_leaves":1},"minecraft:dropped":{"minecraft:feather":2},"minecraft:picked_up":{"minecraft:feather":2,"minecraft:chicken":1,"minecraft:oak_sapling":1},"minecraft:used":{"minecraft:oak_sapling":1,"minecraft:cooked_porkchop":2,"minecraft:chicken":1},"minecraft:killed":{"minecraft:chicken":1},"minecraft:custom":{"minecraft:time_since_rest":566,"minecraft:crouch_one_cm":363,"minecraft:deaths":1,"minecraft:sprint_one_cm":19839,"minecraft:play_time":17441,"minecraft:damage_taken":450,"minecraft:walk_one_cm":11104,"minecraft:sneak_time":281,"minecraft:mob_kills":1,"minecraft:drop":2,"minecraft:jump":186,"minecraft:damage_dealt":50,"minecraft:leave_game":1,"minecraft:time_since_death":539,"minecraft:climb_one_cm":1054,"minecraft:total_world_time":17441,"minecraft:fall_one_cm":13130,"minecraft:fly_one_cm":84042}},"DataVersion":3465}