{"stats":{"minecraft:killed_by":{"minecraft:player":5,"minecraft:skeleton":1,"minecraft:zombie":2},"minecraft:mined":{"minecraft:light_blue_stained_glass_pane":4,"minecraft:smoker":1,"minecraft:crafting_table":3,"minecraft:granite":2,"minecraft:grass_block":5,"minecraft:cobblestone":2,"minecraft:lapis_ore":7,"minecraft:grindstone":1,"minecraft:moss_block":3,"minecraft:wall_torch":1,"minecraft:hay_block":55,"minecraft:iron_ore":31,"minecraft:birch_leaves":3,"minecraft:mangrove_leaves":1,"minecraft:grass":6,"minecraft:oak_log":10,"minecraft:coal_ore":33,"minecraft:vine":1,"minecraft:dirt":1,"minecraft:stone":52,"minecraft:player_head":1,"minecraft:oak_leaves":11,"minecraft:orange_bed":2},"minecraft:dropped":{"minecraft:wheat_seeds":19,"minecraft:feather":2,"minecraft:iron_hoe":1,"minecraft:oak_planks":26,"minecraft:smoker":2,"minecraft:stick":3,"minecraft:rabbit_hide":1,"minecraft:acacia_sapling":3,"minecraft:stone_pickaxe":1,"minecraft:wooden_pickaxe":4},"minecraft:crafted":{"minecraft:oak_planks":40,"minecraft:crafting_table":1,"minecraft:wooden_pickaxe":1,"minecraft:stone_axe":1,"minecraft:bread":39,"minecraft:stick":12,"minecraft:stone_pickaxe":1,"minecraft:torch":16,"minecraft:wheat":117},"minecraft:picked_up":{"minecraft:crafting_table":4,"minecraft:feather":2,"minecraft:chicken":1,"minecraft:jungle_log":1,"minecraft:leather":2,"minecraft:wooden_pickaxe":3,"minecraft:smoker":3,"minecraft:oak_log":10,"minecraft:lapis_lazuli":42,"minecraft:dirt":104,"cobblemon:white_apricorn":3,"minecraft:bone":6,"minecraft:wheat_seeds":19,"minecraft:rabbit_hide":2,"minecraft:beef":2,"minecraft:grindstone":1,"minecraft:stone_pickaxe":4,"minecraft:player_head":1,"minecraft:moss_block":3,"minecraft:acacia_sapling":6,"minecraft:oak_planks":100,"minecraft:stick":3,"minecraft:raw_iron":31,"minecraft:acacia_fence":1,"minecraft:torch":2,"minecraft:acacia_log":1,"minecraft:orange_bed":2,"minecraft:iron_hoe":1,"minecraft:arrow":3,"minecraft:rotten_flesh":6,"minecraft:stone_axe":2,"minecraft:hay_block":61,"minecraft:granite":2,"minecraft:oak_sapling":1,"minecraft:mutton":3,"minecraft:glow_berries":5,"minecraft:white_wool":3,"minecraft:coal":33,"minecraft:cobblestone":74},"minecraft:used":{"minecraft:moss_block":3,"minecraft:stone_pickaxe":120,"minecraft:oak_planks":4,"minecraft:wooden_pickaxe":14,"minecraft:torch":2,"minecraft:glow_berries":6,"minecraft:dirt":95,"minecraft:crafting_table":3,"minecraft:granite":2,"minecraft:iron_hoe":48,"minecraft:chicken":1,"minecraft:bread":3,"minecraft:jungle_log":1,"minecraft:stone_axe":56,"minecraft:cobblestone":9,"minecraft:oak_sapling":1,"minecraft:cooked_porkchop":2},"minecraft:killed":{"cobblemon:pokemon":2,"minecraft:sheep":3,"minecraft:skeleton":3,"minecraft:zombie":2,"minecraft:chicken":1,"minecraft:cow":1,"minecraft:enderman":1},"minecraft:custom":{"minecraft:mob_kills":15,"minecraft:interact_with_crafting_table":4,"minecraft:leave_game":1,"minecraft:time_since_death":10263,"minecraft:sleep_in_bed":2,"minecraft:climb_one_cm":2953,"minecraft:time_since_rest":10293,"minecraft:sprint_one_cm":114104,"minecraft:damage_taken":3135,"minecraft:walk_one_cm":86700,"minecraft:drop":37,"minecraft:damage_dealt":2904,"minecraft:swim_one_cm":1140,"minecraft:fly_one_cm":232184,"minecraft:player_kills":4,"minecraft:open_chest":1,"minecraft:crouch_one_cm":5032,"minecraft:play_time":53441,"minecraft:deaths":10,"minecraft:sneak_time":1902,"minecraft:walk_under_water_one_cm":1045,"minecraft:jump":974,"minecraft:walk_on_water_one_cm":2373,"minecraft:total_world_time":53441,"minecraft:fall_one_cm":48192}},"DataVersion":3465}