{"stats":{"minecraft:dropped":{"minecraft:moss_carpet":1,"minecraft:moss_block":2,"minecraft:wheat_seeds":1,"minecraft:tuff":1,"minecraft:cobblestone":3,"minecraft:rotten_flesh":20,"minecraft:rooted_dirt":53,"minecraft:granite":4,"cobblemon:revival_herb":4,"cobblemon:pep_up_flower":1,"minecraft:bow":1,"minecraft:wooden_pickaxe":1},"minecraft:crafted":{"minecraft:crafting_table":1,"minecraft:spruce_planks":108,"minecraft:iron_helmet":1,"minecraft:wooden_pickaxe":1,"minecraft:iron_sword":1,"minecraft:furnace":2,"minecraft:stone_axe":1,"minecraft:air":0,"minecraft:iron_boots":1,"minecraft:iron_chestplate":1,"minecraft:shield":1,"minecraft:stick":12,"minecraft:iron_ingot":69,"minecraft:iron_pickaxe":1,"minecraft:stone_pickaxe":1,"minecraft:iron_leggings":1,"minecraft:torch":8},"minecraft:killed":{"minecraft:pig":3,"cobblemon:pokemon":1,"minecraft:spider":1,"minecraft:skeleton":5,"minecraft:zombie":10},"minecraft:killed_by":{"cobblemon:pokemon":2,"minecraft:spider":1},"minecraft:mined":{"minecraft:tuff":1,"minecraft:spruce_planks":1,"minecraft:deepslate_diamond_ore":2,"minecraft:sculk_vein":1,"cobblemon:revival_herb":1,"minecraft:crafting_table":5,"minecraft:torch":1,"minecraft:granite":4,"minecraft:tall_grass":1,"minecraft:spruce_leaves":7,"minecraft:deepslate_gold_ore":4,"minecraft:moss_block":2,"minecraft:sculk":1,"minecraft:wall_torch":1,"minecraft:spawner":1,"minecraft:furnace":3,"minecraft:cobbled_deepslate":2,"minecraft:iron_ore":3,"minecraft:sweet_berry_bush":15,"minecraft:spruce_log":32,"minecraft:andesite":3,"minecraft:grass":3,"minecraft:coal_ore":24,"minecraft:cave_vines":1,"minecraft:deepslate_iron_ore":74,"minecraft:gravel":1,"minecraft:dirt":1,"minecraft:stone":15,"minecraft:deepslate":25,"minecraft:fern":1},"minecraft:used":{"minecraft:stone_pickaxe":73,"minecraft:shield":5,"minecraft:spruce_planks":25,"minecraft:wooden_pickaxe":8,"minecraft:iron_sword":40,"minecraft:iron_chestplate":1,"minecraft:torch":6,"minecraft:golden_apple":1,"minecraft:dirt":1,"minecraft:crafting_table":5,"minecraft:snowball":1,"minecraft:spruce_log":5,"minecraft:iron_pickaxe":84,"minecraft:iron_helmet":1,"minecraft:iron_boots":1,"minecraft:stone_axe":55,"minecraft:bow":1,"minecraft:cobblestone":1,"minecraft:sweet_berries":33,"minecraft:furnace":3,"minecraft:andesite":3,"minecraft:cobbled_deepslate":16,"minecraft:iron_leggings":1},"minecraft:custom":{"minecraft:interact_with_furnace":48,"minecraft:mob_kills":20,"minecraft:interact_with_crafting_table":12,"minecraft:time_since_death":8557,"minecraft:climb_one_cm":99,"minecraft:time_since_rest":8592,"minecraft:sprint_one_cm":88909,"minecraft:damage_absorbed":40,"minecraft:damage_taken":1723,"minecraft:walk_one_cm":53077,"minecraft:damage_blocked_by_shield":105,"minecraft:drop":23,"minecraft:damage_dealt":3682,"minecraft:swim_one_cm":281,"minecraft:fly_one_cm":145892,"minecraft:open_chest":2,"minecraft:crouch_one_cm":6700,"minecraft:play_time":41918,"minecraft:deaths":5,"minecraft:sneak_time":2812,"minecraft:walk_under_water_one_cm":218,"minecraft:jump":749,"minecraft:walk_on_water_one_cm":1433,"minecraft:total_world_time":41918,"minecraft:fall_one_cm":30006},"minecraft:picked_up":{"minecraft:crafting_table":5,"minecraft:andesite":3,"minecraft:tuff":1,"minecraft:string":2,"minecraft:dirt":1,"minecraft:moss_carpet":1,"cobblemon:revival_herb":4,"cobblemon:white_apricorn":1,"minecraft:bone":5,"minecraft:bow":1,"minecraft:wheat_seeds":1,"minecraft:cobbled_deepslate":27,"minecraft:raw_gold":4,"minecraft:spruce_planks":1,"cobblemon:pep_up_flower":1,"minecraft:moss_block":2,"minecraft:furnace":3,"minecraft:raw_iron":77,"minecraft:sweet_berries":38,"minecraft:torch":4,"minecraft:porkchop":5,"cobblemon:pink_apricorn":2,"minecraft:spruce_log":32,"minecraft:arrow":9,"minecraft:rotten_flesh":20,"minecraft:diamond":2,"minecraft:granite":4,"minecraft:rooted_dirt":53,"minecraft:snowball":1,"minecraft:coal":60,"minecraft:cobblestone":15}},"DataVersion":3465}