{"stats":{"minecraft:dropped":{"minecraft:moss_carpet":1,"minecraft:moss_block":2,"minecraft:wheat_seeds":1,"minecraft:tuff":1,"minecraft:cobblestone":3,"minecraft:rotten_flesh":23,"minecraft:rooted_dirt":53,"minecraft:granite":4,"cobblemon:revival_herb":4,"cobblemon:pep_up_flower":1,"minecraft:bow":1,"minecraft:wooden_pickaxe":1},"minecraft:crafted":{"minecraft:crafting_table":1,"minecraft:spruce_planks":108,"minecraft:iron_helmet":1,"minecraft:wooden_pickaxe":1,"minecraft:iron_sword":1,"minecraft:furnace":2,"minecraft:bucket":1,"minecraft:stone_axe":1,"minecraft:air":0,"minecraft:iron_boots":1,"minecraft:iron_chestplate":1,"minecraft:shield":1,"minecraft:stick":12,"minecraft:iron_ingot":69,"minecraft:iron_pickaxe":1,"minecraft:stone_pickaxe":1,"minecraft:iron_leggings":1,"minecraft:torch":8},"minecraft:killed":{"minecraft:cave_spider":1,"minecraft:pig":3,"cobblemon:pokemon":4,"minecraft:spider":2,"minecraft:skeleton":7,"minecraft:zombie":13},"minecraft:killed_by":{"cobblemon:pokemon":2,"minecraft:skeleton":2,"minecraft:spider":1,"minecraft:zombie":1},"minecraft:mined":{"minecraft:tuff":1,"minecraft:spruce_planks":1,"minecraft:deepslate_diamond_ore":12,"minecraft:sculk_vein":1,"cobblemon:revival_herb":1,"minecraft:crafting_table":6,"minecraft:torch":1,"minecraft:granite":4,"minecraft:tall_grass":1,"minecraft:spruce_leaves":7,"minecraft:deepslate_gold_ore":4,"cobblemon:dripstone_moon_stone_ore":1,"minecraft:moss_block":2,"minecraft:sculk":1,"minecraft:wall_torch":1,"minecraft:spawner":1,"minecraft:furnace":3,"minecraft:cobbled_deepslate":2,"minecraft:iron_ore":3,"minecraft:sweet_berry_bush":15,"minecraft:spruce_log":32,"minecraft:andesite":3,"minecraft:grass":3,"minecraft:coal_ore":24,"minecraft:cave_vines":1,"minecraft:deepslate_iron_ore":78,"minecraft:gravel":1,"minecraft:dirt":1,"minecraft:stone":15,"minecraft:deepslate":26,"minecraft:fern":1},"minecraft:used":{"minecraft:water_bucket":5,"minecraft:stone_pickaxe":73,"minecraft:shield":5,"minecraft:spruce_planks":46,"minecraft:wooden_pickaxe":8,"minecraft:iron_sword":75,"minecraft:iron_chestplate":1,"minecraft:torch":6,"minecraft:golden_apple":1,"minecraft:dirt":1,"minecraft:crafting_table":6,"minecraft:snowball":1,"minecraft:spruce_log":5,"minecraft:iron_pickaxe":100,"minecraft:iron_helmet":1,"minecraft:iron_boots":1,"minecraft:stone_axe":56,"minecraft:bow":1,"minecraft:cobblestone":1,"minecraft:sweet_berries":50,"minecraft:furnace":3,"minecraft:bucket":6,"minecraft:andesite":3,"minecraft:cobbled_deepslate":16,"minecraft:iron_leggings":1},"minecraft:custom":{"minecraft:interact_with_furnace":48,"minecraft:mob_kills":33,"minecraft:interact_with_crafting_table":13,"minecraft:time_since_death":681,"minecraft:climb_one_cm":99,"minecraft:time_since_rest":715,"minecraft:sprint_one_cm":130365,"minecraft:damage_absorbed":40,"minecraft:damage_taken":2880,"minecraft:walk_one_cm":81827,"minecraft:damage_blocked_by_shield":105,"minecraft:drop":26,"minecraft:damage_dealt":5779,"minecraft:swim_one_cm":472,"minecraft:fly_one_cm":219585,"minecraft:open_chest":2,"minecraft:crouch_one_cm":7181,"minecraft:play_time":53918,"minecraft:deaths":9,"minecraft:sneak_time":2973,"minecraft:walk_under_water_one_cm":438,"minecraft:jump":1171,"minecraft:walk_on_water_one_cm":5206,"minecraft:total_world_time":53918,"minecraft:fall_one_cm":41061},"minecraft:picked_up":{"minecraft:crafting_table":6,"minecraft:andesite":3,"minecraft:tuff":1,"minecraft:string":4,"minecraft:dirt":1,"minecraft:moss_carpet":1,"cobblemon:revival_herb":4,"cobblemon:white_apricorn":1,"minecraft:bone":7,"minecraft:bow":1,"minecraft:wheat_seeds":1,"minecraft:cobbled_deepslate":28,"minecraft:raw_gold":4,"minecraft:spruce_planks":1,"cobblemon:moon_stone":1,"cobblemon:pep_up_flower":1,"minecraft:moss_block":2,"minecraft:furnace":3,"minecraft:raw_iron":81,"minecraft:sweet_berries":38,"minecraft:torch":4,"minecraft:porkchop":5,"cobblemon:pink_apricorn":2,"minecraft:spruce_log":32,"minecraft:arrow":13,"minecraft:rotten_flesh":23,"minecraft:diamond":12,"minecraft:granite":4,"minecraft:rooted_dirt":53,"minecraft:snowball":1,"minecraft:coal":60,"minecraft:cobblestone":15}},"DataVersion":3465}