{"stats":{"minecraft:killed_by":{"minecraft:player":5,"minecraft:skeleton":1,"minecraft:zombie":1},"minecraft:mined":{"minecraft:light_blue_stained_glass_pane":4,"minecraft:crafting_table":2,"minecraft:granite":2,"minecraft:grass_block":5,"minecraft:cobblestone":2,"minecraft:lapis_ore":7,"minecraft:moss_block":3,"minecraft:wall_torch":1,"minecraft:hay_block":1,"minecraft:iron_ore":27,"minecraft:birch_leaves":3,"minecraft:mangrove_leaves":1,"minecraft:grass":2,"minecraft:oak_log":10,"minecraft:coal_ore":33,"minecraft:vine":1,"minecraft:dirt":1,"minecraft:stone":52,"minecraft:player_head":1,"minecraft:oak_leaves":11},"minecraft:dropped":{"minecraft:feather":2,"minecraft:oak_planks":26,"minecraft:stick":3,"minecraft:rabbit_hide":1,"minecraft:stone_pickaxe":1,"minecraft:wooden_pickaxe":4},"minecraft:crafted":{"minecraft:oak_planks":40,"minecraft:crafting_table":1,"minecraft:wooden_pickaxe":1,"minecraft:stone_axe":1,"minecraft:stick":12,"minecraft:stone_pickaxe":1,"minecraft:torch":16},"minecraft:picked_up":{"minecraft:crafting_table":3,"minecraft:feather":2,"minecraft:chicken":1,"minecraft:jungle_log":1,"minecraft:wooden_pickaxe":3,"minecraft:oak_log":10,"minecraft:lapis_lazuli":42,"minecraft:dirt":20,"minecraft:bone":6,"minecraft:rabbit_hide":2,"minecraft:stone_pickaxe":4,"minecraft:player_head":1,"minecraft:moss_block":3,"minecraft:oak_planks":100,"minecraft:stick":2,"minecraft:raw_iron":27,"minecraft:torch":1,"minecraft:arrow":3,"minecraft:stone_axe":2,"minecraft:hay_block":1,"minecraft:granite":2,"minecraft:oak_sapling":1,"minecraft:glow_berries":5,"minecraft:coal":33,"minecraft:cobblestone":74},"minecraft:used":{"minecraft:moss_block":3,"minecraft:stone_pickaxe":114,"minecraft:oak_planks":4,"minecraft:wooden_pickaxe":14,"minecraft:torch":2,"minecraft:glow_berries":6,"minecraft:dirt":20,"minecraft:crafting_table":2,"minecraft:granite":2,"minecraft:chicken":1,"minecraft:jungle_log":1,"minecraft:stone_axe":27,"minecraft:cobblestone":9,"minecraft:oak_sapling":1,"minecraft:cooked_porkchop":2},"minecraft:killed":{"cobblemon:pokemon":1,"minecraft:skeleton":3,"minecraft:chicken":1,"minecraft:enderman":1},"minecraft:custom":{"minecraft:mob_kills":8,"minecraft:interact_with_crafting_table":3,"minecraft:leave_game":1,"minecraft:time_since_death":2868,"minecraft:sleep_in_bed":2,"minecraft:climb_one_cm":2929,"minecraft:time_since_rest":0,"minecraft:sprint_one_cm":73008,"minecraft:damage_taken":2690,"minecraft:walk_one_cm":58181,"minecraft:drop":23,"minecraft:damage_dealt":1771,"minecraft:swim_one_cm":1140,"minecraft:fly_one_cm":159168,"minecraft:player_kills":4,"minecraft:crouch_one_cm":4131,"minecraft:play_time":41441,"minecraft:deaths":9,"minecraft:sneak_time":1609,"minecraft:walk_under_water_one_cm":1045,"minecraft:jump":715,"minecraft:walk_on_water_one_cm":1309,"minecraft:total_world_time":41441,"minecraft:fall_one_cm":34904}},"DataVersion":3465}