{"stats":{"minecraft:dropped":{"minecraft:moss_carpet":1,"minecraft:moss_block":2,"minecraft:wheat_seeds":1,"minecraft:tuff":1,"minecraft:cobblestone":3,"minecraft:rotten_flesh":14,"minecraft:rooted_dirt":53,"minecraft:granite":4,"cobblemon:revival_herb":4,"cobblemon:pep_up_flower":1,"minecraft:wooden_pickaxe":1},"minecraft:crafted":{"minecraft:crafting_table":1,"minecraft:spruce_planks":108,"minecraft:wooden_pickaxe":1,"minecraft:iron_sword":1,"minecraft:furnace":1,"minecraft:stone_axe":1,"minecraft:air":0,"minecraft:shield":1,"minecraft:stick":12,"minecraft:iron_ingot":15,"minecraft:iron_pickaxe":1,"minecraft:stone_pickaxe":1,"minecraft:torch":8},"minecraft:killed":{"minecraft:pig":3,"cobblemon:pokemon":1,"minecraft:spider":1,"minecraft:skeleton":2,"minecraft:zombie":7},"minecraft:killed_by":{"cobblemon:pokemon":2,"minecraft:spider":1},"minecraft:mined":{"minecraft:tuff":1,"minecraft:spruce_planks":1,"minecraft:deepslate_diamond_ore":1,"minecraft:sculk_vein":1,"cobblemon:revival_herb":1,"minecraft:crafting_table":4,"minecraft:torch":1,"minecraft:granite":4,"minecraft:tall_grass":1,"minecraft:spruce_leaves":7,"minecraft:deepslate_gold_ore":4,"minecraft:moss_block":2,"minecraft:sculk":1,"minecraft:spawner":1,"minecraft:furnace":1,"minecraft:cobbled_deepslate":2,"minecraft:iron_ore":3,"minecraft:sweet_berry_bush":15,"minecraft:spruce_log":32,"minecraft:andesite":3,"minecraft:grass":3,"minecraft:coal_ore":24,"minecraft:cave_vines":1,"minecraft:deepslate_iron_ore":48,"minecraft:dirt":1,"minecraft:stone":15,"minecraft:deepslate":22,"minecraft:fern":1},"minecraft:used":{"minecraft:stone_pickaxe":73,"minecraft:shield":1,"minecraft:spruce_planks":25,"minecraft:wooden_pickaxe":8,"minecraft:iron_sword":14,"minecraft:torch":5,"minecraft:dirt":1,"minecraft:crafting_table":4,"minecraft:snowball":1,"minecraft:spruce_log":5,"minecraft:iron_pickaxe":52,"minecraft:stone_axe":54,"minecraft:cobblestone":1,"minecraft:sweet_berries":29,"minecraft:furnace":1,"minecraft:andesite":3,"minecraft:cobbled_deepslate":7},"minecraft:custom":{"minecraft:interact_with_furnace":8,"minecraft:mob_kills":14,"minecraft:interact_with_crafting_table":8,"minecraft:time_since_death":1291,"minecraft:climb_one_cm":99,"minecraft:time_since_rest":1321,"minecraft:sprint_one_cm":64926,"minecraft:damage_taken":1019,"minecraft:walk_one_cm":35377,"minecraft:damage_blocked_by_shield":30,"minecraft:drop":16,"minecraft:damage_dealt":2460,"minecraft:swim_one_cm":281,"minecraft:fly_one_cm":113939,"minecraft:open_chest":2,"minecraft:crouch_one_cm":4936,"minecraft:play_time":29918,"minecraft:deaths":3,"minecraft:sneak_time":2200,"minecraft:walk_under_water_one_cm":218,"minecraft:jump":563,"minecraft:walk_on_water_one_cm":1130,"minecraft:total_world_time":29918,"minecraft:fall_one_cm":20168},"minecraft:picked_up":{"minecraft:crafting_table":4,"minecraft:andesite":3,"minecraft:tuff":1,"minecraft:string":2,"minecraft:dirt":1,"minecraft:moss_carpet":1,"cobblemon:revival_herb":4,"cobblemon:white_apricorn":1,"minecraft:bone":2,"minecraft:wheat_seeds":1,"minecraft:cobbled_deepslate":24,"minecraft:raw_gold":4,"minecraft:spruce_planks":1,"cobblemon:pep_up_flower":1,"minecraft:moss_block":2,"minecraft:furnace":1,"minecraft:raw_iron":51,"minecraft:sweet_berries":38,"minecraft:torch":3,"minecraft:porkchop":5,"cobblemon:pink_apricorn":2,"minecraft:spruce_log":32,"minecraft:arrow":2,"minecraft:rotten_flesh":14,"minecraft:diamond":1,"minecraft:granite":4,"minecraft:rooted_dirt":53,"minecraft:snowball":1,"minecraft:coal":46,"minecraft:cobblestone":15}},"DataVersion":3465}