{"stats":{"minecraft:crafted":{"minecraft:stone_axe":1,"minecraft:crafting_table":1,"minecraft:spruce_planks":108,"minecraft:stick":8,"minecraft:stone_pickaxe":1,"minecraft:wooden_pickaxe":1},"minecraft:mined":{"minecraft:dirt":1,"minecraft:spruce_leaves":4,"minecraft:spruce_log":32,"minecraft:stone":8,"minecraft:crafting_table":2},"minecraft:used":{"minecraft:stone_axe":23,"minecraft:dirt":1,"minecraft:crafting_table":2,"minecraft:wooden_pickaxe":8,"minecraft:spruce_log":5},"minecraft:custom":{"minecraft:time_since_rest":5918,"minecraft:crouch_one_cm":332,"minecraft:play_time":5918,"minecraft:sprint_one_cm":4819,"minecraft:walk_one_cm":5120,"minecraft:sneak_time":184,"minecraft:jump":30,"minecraft:time_since_death":5918,"minecraft:total_world_time":5918,"minecraft:interact_with_crafting_table":3,"minecraft:fall_one_cm":209,"minecraft:fly_one_cm":3743},"minecraft:picked_up":{"minecraft:crafting_table":2,"minecraft:spruce_log":32,"minecraft:dirt":1,"minecraft:cobblestone":8}},"DataVersion":3465}