{
  "minecraft:recipes/decorations/crafting_table": {
    "criteria": {
      "unlock_right_away": "2024-08-25 01:58:02 +0000"
    },
    "done": true
  },
  "beautify:progression/root": {
    "criteria": {
      "Install": "2024-08-25 01:58:02 +0000"
    },
    "done": true
  },
  "minecraft:adventure/adventuring_time": {
    "criteria": {
      "minecraft:mangrove_swamp": "2024-08-25 01:58:02 +0000",
      "minecraft:forest": "2024-08-25 01:58:16 +0000"
    },
    "done": false
  },
  "DataVersion": 3465
}