{
  "uuid": "94718338-603d-3965-8ea3-9a9e331af73a",
  "starterPrompted": true,
  "starterLocked": false,
  "starterSelected": true,
  "starterUUID": "4f2d143c-11a4-407b-b531-f5f545fbd1f3",
  "keyItems": [],
  "battleTheme": "cobblemon:battle.pvp.default",
  "extraData": {},
  "advancementData": {
    "totalCaptureCount": 0,
    "totalEggsHatched": 0,
    "totalEvolvedCount": 0,
    "totalBattleVictoryCount": 8,
    "totalPvPBattleVictoryCount": 1,
    "totalPvWBattleVictoryCount": 7,
    "totalPvNBattleVictoryCount": 0,
    "totalShinyCaptureCount": 0,
    "totalTradedCount": 0,
    "totalTypeCaptureCounts": {},
    "totalDefeatedCounts": {
      "cobblemon:rookidee": 1,
      "cobblemon:sentret": 2,
      "cobblemon:diglett": 1,
      "cobblemon:cleffa": 1,
      "cobblemon:geodude": 1,
      "cobblemon:rattata": 1
    },
    "aspectsCollected": {}
  }
}